{"mean": [[2011.5196533203125, 37.295692443847656, 13.537095069885254, 3202.843017578125, 35.15117645263672, 94.86470794677734, 24.793943405151367, 46.85371017456055, 94.45384216308594, 52.23255157470703, 15969.4150390625, 6.211456298828125, 33812552.0, 4.108041286468506, 23.579692840576172, 9.580533027648926, 37.74613571166992, 75.4443130493164, 87.14114379882812, 32.13446807861328, 1.1489437818527222, 19.94202995300293, 0.34131062030792236, 120.51800537109375, 84.8569107055664, 21392.462890625, 0.1467834860086441, 1822.2220458984375, 4.016298770904541, 82.2501220703125, 70.36245727539062, 1.3950072526931763, 5.901584148406982, 12.032453536987305, 34.085174560546875, 0.08305329084396362, 4.46511173248291, -0.4816058576107025, 99.3966293334961, 28.934480667114258, -0.1515602469444275, 75.56485748291016]], "variance": [[47.55253982543945, 485.4712829589844, 178.8880157470703, 7118207.0, 1517.2333984375, 579.7431030273438, 441.0428771972656, 714.3280639648438, 428.086669921875, 60173.796875, 621970944.0, 363.899658203125, 1.824551714213069e+16, 109.08731842041016, 36.07438278198242, 91.8458480834961, 317.9183654785156, 713.3414916992188, 260.7909240722656, 4063.899169921875, 16.457347869873047, 151.437255859375, 0.5659050345420837, 152.6975860595703, 843.5848999023438, 539122368.0, 0.2834402024745941, 7910.14208984375, 57.307472229003906, 328.5600280761719, 522.3448486328125, 5.758894920349121, 29.234405517578125, 58.49347686767578, 36.040218353271484, 0.07615543901920319, 259.4811096191406, 125.80610656738281, 12.253933906555176, 330.05584716796875, 0.8176535964012146, 497.7475280761719]]}